{
  "0": {
    "step": 0,
    "pct_training": 0.0,
    "tokens_B": 0.0,
    "epoch": 0.0,
    "geometry": {
      "var_explained": -10576.61328125,
      "l0_mean": 27808.013,
      "dead_features": 515,
      "dead_pct": 1.6,
      "intrinsic_dim": 3.3541371992910203,
      "convexity": NaN,
      "linearity": NaN
    },
    "capabilities": {
      "LAMBADA_acc": 0.0,
      "LAMBADA_ppl": 3684074.4512471026,
      "PIQA_acc": 0.5255712731229597,
      "ARC-Easy_acc": 0.2718855218855219,
      "ARC-Challenge_acc_norm": 0.24658703071672355,
      "WinoGrande_acc": 0.4988161010260458,
      "LogiQA_acc_norm": 0.24731182795698925,
      "SciQ_acc": 0.194,
      "WSC_acc": 0.5961538461538461,
      "aggregate_acc": 0.2479
    }
  },
  "8": {
    "step": 8,
    "pct_training": 0.0,
    "tokens_B": 0.0,
    "epoch": 0.0,
    "geometry": {
      "var_explained": -6488.5146484375,
      "l0_mean": 25386.081,
      "dead_features": 588,
      "dead_pct": 1.8,
      "intrinsic_dim": 3.353928584178343,
      "convexity": NaN,
      "linearity": NaN
    },
    "capabilities": {
      "LAMBADA_acc": 0.0,
      "LAMBADA_ppl": 3645907.0699725267,
      "PIQA_acc": 0.5277475516866159,
      "ARC-Easy_acc": 0.2668350168350168,
      "ARC-Challenge_acc_norm": 0.24573378839590443,
      "WinoGrande_acc": 0.49013417521704816,
      "LogiQA_acc_norm": 0.250384024577573,
      "SciQ_acc": 0.201,
      "WSC_acc": 0.6153846153846154,
      "aggregate_acc": 0.2489
    }
  },
  "32": {
    "step": 32,
    "pct_training": 0.0,
    "tokens_B": 0.1,
    "epoch": 0.0,
    "geometry": {
      "var_explained": -2.6581621170043945,
      "l0_mean": 95.632,
      "dead_features": 31594,
      "dead_pct": 96.4,
      "intrinsic_dim": 3.432004295785775,
      "convexity": 0.9104793545473301,
      "linearity": 0.9874035944206933
    },
    "capabilities": {
      "LAMBADA_acc": 0.0,
      "LAMBADA_ppl": 3289495.7556516603,
      "PIQA_acc": 0.5261153427638737,
      "ARC-Easy_acc": 0.265993265993266,
      "ARC-Challenge_acc_norm": 0.2440273037542662,
      "WinoGrande_acc": 0.4909234411996843,
      "LogiQA_acc_norm": 0.23809523809523808,
      "SciQ_acc": 0.222,
      "WSC_acc": 0.6346153846153846,
      "aggregate_acc": 0.2535
    }
  },
  "64": {
    "step": 64,
    "pct_training": 0.0,
    "tokens_B": 0.1,
    "epoch": 0.001,
    "geometry": {
      "var_explained": -1.8494951725006104,
      "l0_mean": 158.507,
      "dead_features": 31419,
      "dead_pct": 95.9,
      "intrinsic_dim": 3.6806162182592566,
      "convexity": 0.9408500449842998,
      "linearity": 0.9933255031518495
    },
    "capabilities": {
      "LAMBADA_acc": 0.0,
      "LAMBADA_ppl": 2326703.33585396,
      "PIQA_acc": 0.5391730141458106,
      "ARC-Easy_acc": 0.2676767676767677,
      "ARC-Challenge_acc_norm": 0.2440273037542662,
      "WinoGrande_acc": 0.4956590370955012,
      "LogiQA_acc_norm": 0.24423963133640553,
      "SciQ_acc": 0.199,
      "WSC_acc": 0.36538461538461536,
      "aggregate_acc": 0.2515
    }
  },
  "1000": {
    "step": 1000,
    "pct_training": 0.7,
    "tokens_B": 2.1,
    "epoch": 0.01,
    "geometry": {
      "var_explained": -1107.595947265625,
      "l0_mean": 15447.384,
      "dead_features": 371,
      "dead_pct": 1.1,
      "intrinsic_dim": 5.3970762174605325,
      "convexity": 0.8996490886844788,
      "linearity": 0.9871436699729268
    },
    "capabilities": {
      "LAMBADA_acc": 0.05491946438967592,
      "LAMBADA_ppl": 3082.299330415885,
      "PIQA_acc": 0.5783460282916213,
      "ARC-Easy_acc": 0.3106060606060606,
      "ARC-Challenge_acc_norm": 0.20648464163822525,
      "WinoGrande_acc": 0.5303867403314917,
      "LogiQA_acc_norm": 0.2488479262672811,
      "SciQ_acc": 0.451,
      "WSC_acc": 0.36538461538461536,
      "aggregate_acc": 0.3487
    }
  },
  "3000": {
    "step": 3000,
    "pct_training": 2.1,
    "tokens_B": 6.3,
    "epoch": 0.03,
    "geometry": {
      "var_explained": -92.50846862792969,
      "l0_mean": 6495.459,
      "dead_features": 111,
      "dead_pct": 0.3,
      "intrinsic_dim": 5.207688388897853,
      "convexity": 0.8858553072751905,
      "linearity": 0.9547350324167224
    },
    "capabilities": {
      "LAMBADA_acc": 0.1775664661362313,
      "LAMBADA_ppl": 256.5540970158291,
      "PIQA_acc": 0.5892274211099021,
      "ARC-Easy_acc": 0.36826599326599324,
      "ARC-Challenge_acc_norm": 0.2158703071672355,
      "WinoGrande_acc": 0.5153906866614049,
      "LogiQA_acc_norm": 0.28417818740399386,
      "SciQ_acc": 0.601,
      "WSC_acc": 0.36538461538461536,
      "aggregate_acc": 0.434
    }
  },
  "13000": {
    "step": 13000,
    "pct_training": 9.1,
    "tokens_B": 27.3,
    "epoch": 0.132,
    "geometry": {
      "var_explained": -1266.0469970703125,
      "l0_mean": 9877.094,
      "dead_features": 58,
      "dead_pct": 0.2,
      "intrinsic_dim": 5.297816989960347,
      "convexity": 0.8696609862158751,
      "linearity": 0.9532724751761548
    },
    "capabilities": {
      "LAMBADA_acc": 0.24742868232097806,
      "LAMBADA_ppl": 109.95117423247467,
      "PIQA_acc": 0.6006528835690969,
      "ARC-Easy_acc": 0.4116161616161616,
      "ARC-Challenge_acc_norm": 0.2098976109215017,
      "WinoGrande_acc": 0.4909234411996843,
      "LogiQA_acc_norm": 0.27035330261136714,
      "SciQ_acc": 0.669,
      "WSC_acc": 0.36538461538461536,
      "aggregate_acc": 0.4822
    }
  },
  "23000": {
    "step": 23000,
    "pct_training": 16.1,
    "tokens_B": 48.3,
    "epoch": 0.233,
    "geometry": {
      "var_explained": -2600.164794921875,
      "l0_mean": 12490.234,
      "dead_features": 73,
      "dead_pct": 0.2,
      "intrinsic_dim": 5.3690159425205115,
      "convexity": 0.8684566029205962,
      "linearity": 0.9684738296548736
    },
    "capabilities": {
      "LAMBADA_acc": 0.26062487871143025,
      "LAMBADA_ppl": 91.2754617235284,
      "PIQA_acc": 0.5995647442872688,
      "ARC-Easy_acc": 0.41624579124579125,
      "ARC-Challenge_acc_norm": 0.2158703071672355,
      "WinoGrande_acc": 0.5177584846093133,
      "LogiQA_acc_norm": 0.26574500768049153,
      "SciQ_acc": 0.684,
      "WSC_acc": 0.36538461538461536,
      "aggregate_acc": 0.4901
    }
  },
  "33000": {
    "step": 33000,
    "pct_training": 23.1,
    "tokens_B": 69.2,
    "epoch": 0.334,
    "geometry": {
      "var_explained": -2615.544921875,
      "l0_mean": 12369.959,
      "dead_features": 89,
      "dead_pct": 0.3,
      "intrinsic_dim": 5.614023840186225,
      "convexity": 0.8796900338703543,
      "linearity": 0.9669357053717743
    },
    "capabilities": {
      "LAMBADA_acc": 0.24451775664661363,
      "LAMBADA_ppl": 98.08553421953862,
      "PIQA_acc": 0.5941240478781284,
      "ARC-Easy_acc": 0.40025252525252525,
      "ARC-Challenge_acc_norm": 0.2158703071672355,
      "WinoGrande_acc": 0.5067087608524072,
      "LogiQA_acc_norm": 0.271889400921659,
      "SciQ_acc": 0.693,
      "WSC_acc": 0.36538461538461536,
      "aggregate_acc": 0.483
    }
  },
  "43000": {
    "step": 43000,
    "pct_training": 30.1,
    "tokens_B": 90.2,
    "epoch": 0.436,
    "geometry": {
      "var_explained": -2414.137939453125,
      "l0_mean": 10949.669,
      "dead_features": 87,
      "dead_pct": 0.3,
      "intrinsic_dim": 5.390853384249262,
      "convexity": 0.8850613879862765,
      "linearity": 0.9723134722298902
    },
    "capabilities": {
      "LAMBADA_acc": 0.2569377061905686,
      "LAMBADA_ppl": 86.28992769459852,
      "PIQA_acc": 0.602829162132753,
      "ARC-Easy_acc": 0.4217171717171717,
      "ARC-Challenge_acc_norm": 0.21416382252559726,
      "WinoGrande_acc": 0.4996053670086819,
      "LogiQA_acc_norm": 0.27342549923195086,
      "SciQ_acc": 0.698,
      "WSC_acc": 0.36538461538461536,
      "aggregate_acc": 0.4949
    }
  },
  "53000": {
    "step": 53000,
    "pct_training": 37.1,
    "tokens_B": 111.2,
    "epoch": 0.537,
    "geometry": {
      "var_explained": -1709.0394287109375,
      "l0_mean": 10116.243,
      "dead_features": 132,