{
  "0": {
    "step": 0,
    "elapsed_s": 19.935362100601196,
    "n_tokens": 1000,
    "sae_quality": {
      "var_explained": -10576.61328125,
      "mse": 1890.5709228515625
    },
    "feature_stats": {
      "sparsity": 0.8486332092285156,
      "l0_mean": 27808.013,
      "l0_std": 2800.751853847641,
      "n_dead_features": 515,
      "n_active_features": 32253,
      "mean_activation_rate": 0.8621837658512386
    },
    "intrinsic_dimension": {
      "two_nn": 3.3541371992910203,
      "pca_var_50": 0.9001578092575073
    },
    "feature_geometry": {
      "mean_convexity": NaN,
      "mean_boundary_linearity": NaN,
      "n_regions_analyzed": 20
    },
    "encoder_directions": {
      "mean_abs_cosine_sim": 0.5493600964546204,
      "cosine_sim_std": 0.20354504883289337
    }
  },
  "8": {
    "step": 8,
    "elapsed_s": 18.643354892730713,
    "n_tokens": 1000,
    "sae_quality": {
      "var_explained": -6488.5146484375,
      "mse": 1160.138671875
    },
    "feature_stats": {
      "sparsity": 0.7747217102050781,
      "l0_mean": 25386.081,
      "l0_std": 4630.820300598913,
      "n_dead_features": 588,
      "n_active_features": 32180,
      "mean_activation_rate": 0.788877594779366
    },
    "intrinsic_dimension": {
      "two_nn": 3.353928584178343,
      "pca_var_50": 0.9002013802528381
    },
    "feature_geometry": {
      "mean_convexity": NaN,
      "mean_boundary_linearity": NaN,
      "n_regions_analyzed": 20
    },
    "encoder_directions": {
      "mean_abs_cosine_sim": 0.5647489428520203,
      "cosine_sim_std": 0.19242386519908905
    }
  },
  "2": {
    "step": 2,
    "elapsed_s": 19.38335371017456,
    "n_tokens": 1000,
    "sae_quality": {
      "var_explained": -10557.26953125,
      "mse": 1887.1258544921875
    },
    "feature_stats": {
      "sparsity": 0.8484224548339844,
      "l0_mean": 27801.107,
      "l0_std": 2806.474103844716,
      "n_dead_features": 515,
      "n_active_features": 32253,
      "mean_activation_rate": 0.8619696462344587
    },
    "intrinsic_dimension": {
      "two_nn": 3.3541308927549913,
      "pca_var_50": 0.9001576900482178
    },
    "feature_geometry": {
      "mean_convexity": NaN,
      "mean_boundary_linearity": NaN,
      "n_regions_analyzed": 20
    },
    "encoder_directions": {
      "mean_abs_cosine_sim": 0.5493600964546204,
      "cosine_sim_std": 0.20354504883289337
    }
  },
  "128": {
    "step": 128,
    "elapsed_s": 20.029898166656494,
    "n_tokens": 1000,
    "sae_quality": {
      "var_explained": -6284.42626953125,
      "mse": 2384.71533203125
    },
    "feature_stats": {
      "sparsity": 0.38812612915039063,
      "l0_mean": 12718.117,
      "l0_std": 13166.26349878017,
      "n_dead_features": 664,
      "n_active_features": 32104,
      "mean_activation_rate": 0.3961536568651882
    },
    "intrinsic_dimension": {
      "two_nn": 3.8212194013282965,
      "pca_var_50": 0.9598307013511658
    },
    "feature_geometry": {
      "mean_convexity": 0.9163194754475515,
      "mean_boundary_linearity": 0.9904171050638431,
      "n_regions_analyzed": 20
    },
    "encoder_directions": {
      "mean_abs_cosine_sim": 0.5900132656097412,
      "cosine_sim_std": 0.19423559308052063
    }
  },
  "32000": {
    "step": 32000,
    "elapsed_s": 19.544782638549805,
    "n_tokens": 1000,
    "sae_quality": {
      "var_explained": -2459.261962890625,
      "mse": 42292.99609375
    },
    "feature_stats": {
      "sparsity": 0.391635498046875,
      "l0_mean": 12833.112,
      "l0_std": 12796.292465923714,
      "n_dead_features": 94,
      "n_active_features": 32674,
      "mean_activation_rate": 0.3927621962416601
    },
    "intrinsic_dimension": {
      "two_nn": 5.691545474395347,
      "pca_var_50": 0.9961406588554382
    },
    "feature_geometry": {
      "mean_convexity": 0.8789641873299654,
      "mean_boundary_linearity": 0.9723393807777481,
      "n_regions_analyzed": 20
    },
    "encoder_directions": {
      "mean_abs_cosine_sim": 0.5745618939399719,
      "cosine_sim_std": 0.1947825700044632
    }
  },
  "512": {
    "step": 512,
    "elapsed_s": 20.268219470977783,
    "n_tokens": 1000,
    "sae_quality": {
      "var_explained": -5252.1689453125,
      "mse": 1030.6888427734375
    },
    "feature_stats": {
      "sparsity": 0.55587451171875,
      "l0_mean": 18214.896,
      "l0_std": 11295.665736962297,
      "n_dead_features": 512,
      "n_active_features": 32256,
      "mean_activation_rate": 0.5646979166666667
    },
    "intrinsic_dimension": {
      "two_nn": 4.987217460381953,
      "pca_var_50": 0.9321578741073608
    },
    "feature_geometry": {
      "mean_convexity": 0.8934162670594699,
      "mean_boundary_linearity": 0.9854948833403162,
      "n_regions_analyzed": 20
    },
    "encoder_directions": {
      "mean_abs_cosine_sim": 0.6065441966056824,
      "cosine_sim_std": 0.17033424973487854
    }
  },
  "64000": {
    "step": 64000,
    "elapsed_s": 6.70413613319397,
    "n_tokens": 1000,
    "sae_quality": {
      "var_explained": -1275.0283203125,
      "mse": 18798.482421875
    },
    "feature_stats": {
      "sparsity": 0.2884920349121094,
      "l0_mean": 9453.307,
      "l0_std": 12246.560862248265,
      "n_dead_features": 292,
      "n_active_features": 32476,
      "mean_activation_rate": 0.2910859403867472
    },
    "intrinsic_dimension": {
      "two_nn": 5.977082113413512,
      "pca_var_50": 0.9972917437553406
    },
    "feature_geometry": {
      "mean_convexity": 0.9023357546366466,
      "mean_boundary_linearity": 0.9846928710956225,
      "n_regions_analyzed": 20
    },
    "encoder_directions": {
      "mean_abs_cosine_sim": 0.5575112700462341,
      "cosine_sim_std": 0.20912979543209076
    }
  },
  "2000": {
    "step": 2000,
    "elapsed_s": 20.36656403541565,
    "n_tokens": 1000,
    "sae_quality": {
      "var_explained": -123.57217407226562,
      "mse": 58.67576599121094
    },
    "feature_stats": {
      "sparsity": 0.20028390502929688,
      "l0_mean": 6562.903,
      "l0_std": 6877.623575159591,
      "n_dead_features": 150,
      "n_active_features": 32618,
      "mean_activation_rate": 0.201204948188117
    },
    "intrinsic_dimension": {
      "two_nn": 5.375104716075457,
      "pca_var_50": 0.910560667514801
    },
    "feature_geometry": {
      "mean_convexity": 0.8771953231079873,
      "mean_boundary_linearity": 0.9507871918184978,
      "n_regions_analyzed": 20
    },
    "encoder_directions": {
      "mean_abs_cosine_sim": 0.5424267053604126,
      "cosine_sim_std": 0.218687504529953
    }
  },
  "143000": {
    "step": 143000,
    "elapsed_s": 7.471357345581055,
    "n_tokens": 1000,
    "sae_quality": {
      "var_explained": 0.6540225148200989,
      "mse": 1.7556214332580566
    },
    "feature_stats": {
      "sparsity": 0.0028614501953125,
      "l0_mean": 93.764,
      "l0_std": 47.70212053986699,
      "n_dead_features": 29881,
      "n_active_features": 2887,
      "mean_activation_rate": 0.03247800484932456
    },
    "intrinsic_dimension": {
      "two_nn": 5.835746502941197,
      "pca_var_50": 0.9969511032104492
    },
    "feature_geometry": {
      "mean_convexity": 0.952296611596085,
      "mean_boundary_linearity": 0.9894000000000001,
      "n_regions_analyzed": 20
    },
    "encoder_directions": {
      "mean_abs_cosine_sim": 0.0961632952094078,
      "cosine_sim_std": 0.07210569828748703
    }
  },
  "32": {
    "step": 32,
    "elapsed_s": 23.539839506149292,
    "n_tokens": 1000,
    "sae_quality": {
      "var_explained": -2.6581621170043945,
      "mse": 0.5515084266662598
    },
    "feature_stats": {
      "sparsity": 0.00291845703125,
      "l0_mean": 95.632,
      "l0_std": 39.82256365429026,
      "n_dead_features": 31594,
      "n_active_features": 1174,
      "mean_activation_rate": 0.08145826235093698
    },
    "intrinsic_dimension": {
      "two_nn": 3.432004295785775,
      "pca_var_50": 0.9087663292884827
    },